No.,Deletion,Glucose (aerobe),Glucose (anaerobe),Galactose,Glycerol,Ethanol, ,Glucose (aerobe),Glucose (anaerobe),Galactose,Glycerol,Ethanol
1,YAL012W,1.0, ,1.0,1.0,1.0, ,0,m,0,0,
2,YDR384C,1.0, ,1.0,1.0,1.0, ,,,,,
3,YHR163W,1.0, ,1.0,1.0,1.0, ,,,,,
4,YOR011W,1.0, ,1.0,1.0,1.0, ,,,,,
5,YAL044C,1.0, ,1.0,1.0,1.0, ,,,,,
6,YMR323W,1.0, ,1.0,1.0,1.0, ,-,-,-,-,-
7,YHR067W,1.0, ,1.0,1.0,1.0, ,,,,m,
8,YGR061C,0.0, ,0.0,-0.0,0.0, ,0,0,0,0,0
9,YDR481C,1.0, ,1.0,1.0,1.0, ,,,,,
10,YER014W,1.0, ,1.0,1.0,1.0, ,,,,,
11,YMR205C,0.0, ,0.0,1.0,1.0, ,,,,,
12,YGL225W,1.0, ,1.0,1.0,1.0, ,-,-,-,-,-
13,YCR005C,1.0, ,1.0,1.0,1.0, ,,,,,
14,YPL040C,1.0, ,1.0,1.0,1.0, ,,,0,0,0
15,YNL003C,1.0, ,1.0,1.0,1.0, ,,,0,0,0
16,YDR503C,1.0, ,1.0,1.0,1.0, ,,,,,
17,YJL212C,1.0, ,1.0,1.0,1.0, ,,,,,
18,YPL244C,1.0, ,1.0,1.0,1.0, ,,,,,
19,YDL238C,1.0, ,1.0,1.0,1.0, ,,,,,
20,YJR153W,1.0, ,1.0,1.0,1.0, ,,,,,
21,YLR089C,1.0, ,1.0,1.0,1.0, ,,,,,
22,YDR513W,1.0, ,1.0,1.0,1.0, ,,,,,
23,YEL058W,1.0, ,1.0,1.0,1.0, ,-,-,-,-,-
24,YKL024C,-0.0, ,-0.0,0.0,-0.0, ,-,-,-,-,-
25,YDL245C,1.0, ,1.0,1.0,1.0, ,-,-,-,-,-
26,YLR395C,1.0, ,1.0,0.0,0.0, ,,,,,
27,YLR348C,1.0, ,1.0,1.0,1.0, ,,,,,
28,YBR121C,1.0, ,1.0,1.0,1.0, ,,,,,
29,YEL042W,1.0, ,1.0,1.0,1.0, ,,,,,
30,YLR382C,1.0, ,1.0,1.0,1.0, ,,,0,,0
31,YKL188C,1.0, ,1.0,1.0,1.0, ,,,,,
32,YFL045C,0.0, ,0.0,0.0,0.0, ,-,-,-,-,-
33,YMR015C,1.0, ,1.0,1.0,1.0, ,,,,,
34,YBL033C,0.0, ,0.0,0.0,0.0, ,0,0,0,0,0
35,Q0085,1.0, ,1.0,0.0,0.0, ,-,-,-,-,-
36,YBR117C,1.0, ,1.0,1.0,1.0, ,-,-,-,-,-
37,YIL124W,1.0, ,1.0,1.0,1.0, ,,,,,
38,Q0080,1.0, ,1.0,0.0,0.0, ,-,-,-,-,-
39,YGR194C,1.0, ,1.0,1.0,1.0, ,,,,,
40,YMR009W,1.0, ,1.0,1.0,1.0, ,,,,,
41,YMR272C,1.0, ,1.0,1.0,1.0, ,,,,,
42,YPL274W,1.0, ,1.0,1.0,1.0, ,,,,,
43,YPL258C,1.0, ,1.0,1.0,1.0, ,,,,,
44,YJL219W,1.0, ,1.0,1.0,1.0, ,-,-,-,-,-
45,YEL051W,1.0, ,1.0,1.0,1.0, ,,,,,
46,YDR046C,1.0, ,1.0,1.0,1.0, ,,,,,
47,YKL203C,1.0, ,1.0,1.0,1.0, ,-,-,-,-,-
48,YOR202W,1.0, ,1.0,1.0,1.0, ,,,,,
49,YGL245W,1.0, ,1.0,1.0,1.0, ,-,-,-,-,-
50,YER081W,1.0, ,1.0,1.0,1.0, ,,,,,
51,YJL070C,1.0, ,1.0,1.0,1.0, ,,,,,
52,YNL241C,1.0, ,1.0,1.0,1.0, ,,,,,
53,YER070W,1.0, ,1.0,1.0,1.0, ,,,0,0,0
54,YPL262W,1.0, ,1.0,1.0,0.0, ,,,,,0
55,YPL036W,1.0, ,1.0,1.0,1.0, ,,,,,
56,YCL069W,1.0, ,1.0,1.0,1.0, ,,,,,
57,YBR221C,1.0, ,1.0,1.0,1.0, ,,,,,
58,YHR025W,0.0, ,0.0,0.0,0.0, ,0,0,0,0,0
59,YHL036W,1.0, ,1.0,1.0,1.0, ,,,,,
60,YML059C,1.0, ,1.0,1.0,1.0, ,,,,,
61,YIL074C,1.0, ,1.0,1.0,1.0, ,,,,,
62,YKL104C,1.0, ,1.0,1.0,1.0, ,-,-,-,-,-
63,YCL040W,1.0, ,1.0,1.0,1.0, ,,,,,
64,YLR447C,1.0, ,1.0,1.0,1.0, ,,,,,
65,YOL058W,0.0, ,0.0,0.0,0.0, ,0,0,0,0,0
66,YAR035W,1.0, ,1.0,1.0,1.0, ,,,,,
67,YCR012W,0.0, ,0.0,0.0,-0.0, ,-,-,-,-,-
68,YOL156W,1.0, ,1.0,1.0,1.0, ,-,-,-,-,-
69,Q0275,1.0, ,1.0,0.0,0.0, ,-,-,-,-,-
70,YPR074C,1.0, ,1.0,1.0,1.0, ,,,,,
71,YPR128C,1.0, ,1.0,1.0,1.0, ,,,,,
72,YBR145W,1.0, ,1.0,1.0,1.0, ,,,,,
73,YDR354W,0.0, ,0.0,0.0,0.0, ,0,0,0,0,0
74,YJR049C,1.0, ,1.0,1.0,1.0, ,,,,,
75,YGR020C,1.0, ,1.0,1.0,1.0, ,,,,,
76,YGR121C,1.0, ,1.0,1.0,1.0, ,,,,,
77,YHR042W,0.0, ,0.0,0.0,0.0, ,-,-,-,-,-
78,YPL268W,1.0, ,1.0,1.0,1.0, ,,,,,
79,YPR002W,1.0, ,1.0,1.0,1.0, ,,,,,
80,YDR242W,1.0, ,1.0,1.0,1.0, ,,,,,
81,YCR083W,1.0, ,1.0,1.0,1.0, ,,,,,
82,YKR067W,1.0, ,1.0,1.0,1.0, ,,,,,
83,YKR061W,1.0, ,1.0,1.0,1.0, ,,,0,0,0
84,YNL267W,1.0, ,1.0,1.0,1.0, ,-,-,-,-,-
85,YPL104W,1.0, ,1.0,1.0,1.0, ,,,0,0,0
86,YAL054C,1.0, ,1.0,1.0,1.0, ,,,,,
87,YOR192C,1.0, ,1.0,1.0,1.0, ,,,,,
88,YER052C,0.0, ,0.0,0.0,0.0, ,0,0,0,0,0
89,YCR034W,0.0, ,0.0,0.0,0.0, ,,,,,
90,YMR202W,1.0, ,1.0,1.0,1.0, ,,,,,
91,YGL062W,1.0, ,1.0,1.0,1.0, ,,,,,
92,YER003C,0.0, ,0.0,0.0,0.0, ,-,-,-,-,-
93,YBR252W,1.0, ,1.0,1.0,1.0, ,-,-,-,-,-
94,YDR173C,1.0, ,1.0,1.0,1.0, ,,,,,
95,YCL030C,1.0, ,1.0,1.0,1.0, ,,,,,
96,YDL021W,1.0, ,1.0,1.0,1.0, ,,,,,
97,YDR399W,1.0, ,1.0,1.0,1.0, ,,,,,
98,YLR043C,1.0, ,1.0,1.0,1.0, ,,,,,
99,YBR029C,0.0, ,0.0,0.0,0.0, ,-,-,-,-,-
100,YGL037C,1.0, ,1.0,1.0,1.0, ,,,,,
101,YOR120W,1.0, ,1.0,1.0,1.0, ,,,,,
102,YBR263W,1.0, ,1.0,1.0,1.0, ,,,,,
103,YBR035C,1.0, ,1.0,1.0,1.0, ,,,,,
104,YOL086C,1.0, ,1.0,1.0,1.0, ,,,,,
105,YMR113W,1.0, ,1.0,1.0,1.0, ,-,-,-,-,-
106,YLR300W,1.0, ,1.0,1.0,1.0, ,,,,,
107,YBR298C,1.0, ,1.0,1.0,1.0, ,,,,,
108,YMR084W,1.0, ,1.0,1.0,1.0, ,,,0,0,0
109,YDR019C,1.0, ,1.0,1.0,1.0, ,,,,,
110,YGR010W,1.0, ,1.0,1.0,1.0, ,,,,,
111,YBR019C,1.0, ,0.0,1.0,1.0, ,,,0,,
112,YER119C,1.0, ,1.0,1.0,1.0, ,,,,,
113,YDR380W,1.0, ,1.0,1.0,1.0, ,,,,,
114,YGR191W,1.0, ,1.0,1.0,1.0, ,-,-,-,-,-
115,YAL060W,1.0, ,1.0,1.0,1.0, ,,,,,
116,YMR006C,1.0, ,1.0,1.0,1.0, ,,,,,
117,YNL117W,1.0, ,1.0,1.0,1.0, ,,,,, 
118,YJR130C,1.0, ,1.0,1.0,1.0, ,,,,,
119,YBR176W,1.0, ,1.0,1.0,1.0, ,,,,,
120,YHR063C,1.0, ,1.0,1.0,1.0, ,-,-,-,-,-
121,YIL172C,1.0, ,1.0,1.0,1.0, ,-,-,-,-,-
122,YLR011W,1.0, ,1.0,1.0,1.0, ,,,,,
123,YJL134W,1.0, ,1.0,1.0,1.0, ,,,,,
124,YKL146W,1.0, ,1.0,1.0,1.0, ,,,,,
125,YOL151W,1.0, ,1.0,1.0,1.0, ,,,,,
126,YPR183W,0.0, ,0.0,0.0,0.0, ,-,-,-,-,-
127,YHR104W,1.0, ,1.0,1.0,1.0, ,,,,,
128,YDL004W,1.0, ,1.0,0.0,0.0, ,-,-,-,-,-
129,YEL017C-A,1.0, ,1.0,1.0,1.0, ,,,,,
130,YJL166W,1.0, ,1.0,0.0,0.0, ,,,,,
131,YJL200C,1.0, ,1.0,1.0,1.0, ,,,,,
132,YKL080W,1.0, ,1.0,1.0,1.0, ,,,,, 
133,YDR403W,1.0, ,1.0,1.0,1.0, ,,,,,
134,YLR377C,1.0, ,1.0,0.0,0.0, ,,,,0,0
135,YGL205W,1.0, ,1.0,1.0,1.0, ,,,,,
136,YCL004W,1.0, ,1.0,1.0,1.0, ,-,-,-,-,-
137,YDL210W,1.0, ,1.0,1.0,1.0, ,,,,,
138,YDR376W,1.0, ,1.0,1.0,1.0, ,-,-,-,-,-
139,YKL194C,1.0, ,1.0,1.0,1.0, ,,,0,0,0
140,YNR013C,1.0, ,1.0,1.0,1.0, ,,,,,
141,YPL148C,1.0, ,1.0,1.0,1.0, ,,,0,0,0
142,YPL271W,1.0, ,1.0,0.0,0.0, ,,,0,0,0
143,YLL061W,1.0, ,1.0,1.0,1.0, ,,,,,
144,YMR226C,1.0, ,1.0,1.0,1.0, ,,,,,
145,YLR237W,1.0, ,1.0,1.0,1.0, ,,,,,
146,YDR531W,1.0, ,1.0,1.0,1.0, ,-,-,-,-,-
147,YIL013C,1.0, ,1.0,1.0,1.0, ,,,,,
148,YFL055W,1.0, ,1.0,1.0,1.0, ,,,,,
149,YOL136C,1.0, ,1.0,1.0,1.0, ,,,,,
150,YOR221C,1.0, ,1.0,1.0,1.0, ,,,,m,m
151,YPL214C,1.0, ,1.0,1.0,1.0, ,,,,,
152,YBR293W,1.0, ,1.0,1.0,1.0, ,,,,,
153,YGL084C,1.0, ,1.0,1.0,1.0, ,,,,,
154,YPL092W,1.0, ,1.0,1.0,1.0, ,,,,,
155,YGR019W,1.0, ,1.0,1.0,1.0, ,,,,,
156,YGL191W,1.0, ,1.0,0.0,0.0, ,-,-,-,-,-
157,YOL064C,1.0, ,1.0,1.0,1.0, ,,,,,
158,YDL142C,1.0, ,1.0,1.0,1.0, ,,,,,
159,YMR056C,1.0, ,1.0,1.0,1.0, ,,,,,
160,YJR001W,1.0, ,1.0,1.0,1.0, ,,,,,
161,YHR123W,1.0, ,1.0,1.0,1.0, ,,,,,
162,YDL174C,1.0, ,1.0,1.0,1.0, ,,,,,
163,YER091C,1.0, ,1.0,1.0,1.0, ,,,,,
164,YGR256W,1.0, ,1.0,1.0,1.0, ,,,,,
165,YLR209C,1.0, ,1.0,1.0,1.0, ,,,,,
166,YDL103C,1.0, ,1.0,1.0,1.0, ,-,-,-,-,-
167,YCR098C,1.0, ,1.0,1.0,1.0, ,,,,,
168,YHL012W,1.0, ,1.0,1.0,1.0, ,,,,,
169,YML082W,1.0, ,1.0,1.0,1.0, ,,,,,
170,YDR315C,1.0, ,1.0,1.0,1.0, ,,,,,
171,YLL057C,1.0, ,1.0,1.0,1.0, ,,,,,
172,YEL039C,1.0, ,1.0,1.0,1.0, ,,,,,
173,YPL061W,1.0, ,1.0,1.0,1.0, ,,,,,
174,YGR183C,1.0, ,1.0,0.0,0.0, ,,,,,0
175,YGR255C,1.0, ,1.0,1.0,1.0, ,,,0,0,0
176,YDR454C,-0.0, ,0.0,0.0,0.0, ,-,-,-,-,-
177,YNL277W,1.0, ,1.0,1.0,1.0, ,,,,,
178,YER055C,1.0, ,1.0,1.0,1.0, ,,,,,
179,YHR011W,1.0, ,1.0,1.0,1.0, ,,,0,0,0
180,YLL012W,1.0, ,1.0,1.0,1.0, ,,,,,
181,YLR438W,1.0, ,1.0,1.0,1.0, ,,,,,
182,YGR037C,0.0, ,0.0,0.0,0.0, ,,,,,
183,YJL088W,0.0, ,0.0,0.0,0.0, ,0,0,0,0,0
184,YDR226W,0.0, ,0.0,0.0,0.0, ,,,,,0
185,YJR105W,1.0, ,1.0,1.0,1.0, ,,,,,
186,YGL186C,1.0, ,1.0,1.0,1.0, ,-,-,-,-,-
187,YMR062C,0.0, ,0.0,0.0,0.0, ,,,,,
188,YDR234W,0.0, ,0.0,0.0,0.0, ,0,0,0,0,0
189,YPL091W,1.0, ,1.0,1.0,1.0, ,,,,,
190,YLR305C,1.0, ,1.0,1.0,1.0, ,-,-,-,-,-
191,YOL140W,0.0, ,0.0,0.0,0.0, ,-,-,-,-,-
192,YIR029W,1.0, ,1.0,1.0,1.0, ,,,,,
193,YGR155W,1.0, ,1.0,1.0,1.0, ,0,0,0,0, 
194,YBR036C,1.0, ,1.0,1.0,1.0, ,,,,,
195,YMR300C,0.0, ,-0.0,0.0,0.0, ,0,0,0,0,0
196,YGR032W,1.0, ,1.0,1.0,1.0, ,,,,,
197,YBR011C,1.0, ,1.0,1.0,1.0, ,-,-,-,-,-
198,YGR267C,0.0, ,0.0,0.0,0.0, ,-,-,-,-,-
199,YGR125W,1.0, ,1.0,1.0,1.0, ,,,,,
200,YLR354C,1.0, ,1.0,1.0,1.0, ,,,,,
201,YNL292W,1.0, ,1.0,1.0,1.0, ,,,,,
202,YJR159W,1.0, ,1.0,1.0,1.0, ,-,-,-,-,-
203,YPR006C,1.0, ,1.0,1.0,1.0, ,,,,,
204,YBL039C,1.0, ,1.0,1.0,1.0, ,,,,,
205,YCR028C,1.0, ,1.0,1.0,1.0, ,,,,,
206,YDR487C,0.0, ,0.0,0.0,0.0, ,-,-,-,-,-
207,YJL153C,0.0, ,0.0,0.0,0.0, ,,,,,
208,YML054C,1.0, ,1.0,1.0,1.0, ,,,,,
209,YAL023C,1.0, ,1.0,1.0,1.0, ,,,,,
210,YDL181W,1.0, ,1.0,0.0,0.0, ,,,0,0,0
211,YHR074W,1.0, ,1.0,1.0,1.0, ,-,-,-,-,-
212,YFR030W,1.0, ,1.0,1.0,1.0, ,,,,,
213,YBR256C,0.0, ,0.0,0.0,0.0, ,-,-,-,-,-
214,YNR058W,1.0, ,1.0,1.0,1.0, ,,,,,
215,YOR180C,1.0, ,1.0,1.0,1.0, ,,,,,
216,YJL139C,1.0, ,1.0,1.0,1.0, ,,,,,
217,YBR038W,1.0, ,1.0,1.0,1.0, ,-,-,-,-,-
218,YBR244W,1.0, ,1.0,1.0,1.0, ,,,,,
219,YPL053C,1.0, ,1.0,1.0,1.0, ,,,,,
220,YMR246W,1.0, ,1.0,1.0,1.0, ,,,,,
221,YPR020W,1.0, ,1.0,1.0,1.0, ,,,,,
222,YKL085W,1.0, ,1.0,1.0,1.0, ,,,,,
223,YLR027C,1.0, ,1.0,1.0,1.0, ,,,,,
224,YBR284W,1.0, ,1.0,1.0,1.0, ,,,,,
225,YEL047C,1.0, ,1.0,1.0,1.0, ,,,,,
226,YLR351C,1.0, ,1.0,1.0,1.0, ,,,,,
227,YBL064C,1.0, ,1.0,1.0,1.0, ,,,,,
228,YPR036W,1.0, ,1.0,1.0,1.0, ,,,,,
229,YNL130C,1.0, ,1.0,1.0,1.0, ,,,,,
230,YHR018C,0.0, ,0.0,0.0,0.0, ,0,m,,,0
231,YDR408C,0.0, ,0.0,0.0,0.0, ,,,,,
232,YLR157C,1.0, ,1.0,1.0,1.0, ,-,-,-,-,-
233,YHR002W,1.0, ,1.0,1.0,1.0, ,-,-,-,-,-
234,YBR126C,0.0, ,0.0,0.0,0.0, ,,,,,
235,YDR300C,1.0, ,1.0,1.0,1.0, ,0,m,0,0,0
236,YDL055C,0.0, ,0.0,0.0,0.0, ,-,-,-,-,-
237,YGL202W,1.0, ,1.0,1.0,1.0, ,,,,,
238,YNL141W,1.0, ,1.0,1.0,1.0, ,,,,,
239,YMR318C,1.0, ,1.0,1.0,1.0, ,,,,,
240,YCL018W,1.0, ,1.0,1.0,1.0, ,-,-,-,-,-
241,YBR294W,1.0, ,1.0,1.0,1.0, ,,,,,
242,YDL067C,1.0, ,1.0,0.0,0.0, ,,,0,0,0
243,YJL130C,1.0, ,1.0,1.0,1.0, ,,,,,
244,YKL060C,0.0, ,0.0,0.0,0.0, ,-,-,-,-,-
245,YOL020W,1.0, ,1.0,1.0,1.0, ,,,,, 
246,YDR135C,1.0, ,1.0,1.0,1.0, ,,,,,
247,YFL011W,1.0, ,1.0,1.0,1.0, ,,,,,
248,YEL021W,1.0, ,1.0,1.0,1.0, ,-,-,-,-,-
249,YBL030C,1.0, ,1.0,1.0,1.0, ,-,-,-,-,-
250,YMR256C,1.0, ,1.0,0.0,0.0, ,,,0,0,0
251,YLR342W,1.0, ,1.0,1.0,1.0, ,,,,,
252,YNL270C,1.0, ,1.0,1.0,1.0, ,,,,,
253,YJL071W,1.0, ,1.0,1.0,1.0, ,, ,,,
254,YKL182W,0.0, ,0.0,0.0,0.0, ,-,-,-,-,-
255,YOR303W,1.0, ,1.0,1.0,1.0, ,, ,,,
256,YPL275W,1.0, ,1.0,1.0,1.0, ,-,-,-,-,-
257,YMR289W,1.0, ,1.0,1.0,1.0, ,,,,,
258,YMR013C,1.0, ,1.0,1.0,1.0, ,-,-,-,-,-
259,YDR322C-A,1.0, ,1.0,1.0,1.0, ,-,-,-,-,-
260,YER073W,1.0, ,1.0,1.0,1.0, ,,,,,
261,YLR260W,1.0, ,1.0,1.0,1.0, ,,,,,
262,YPL117C,0.0, ,0.0,0.0,0.0, ,-,-,-,-,-
263,YGR007W,1.0, ,1.0,1.0,1.0, ,,,,,
264,YKL152C,1.0, ,1.0,1.0,1.0, ,-,-,-,-,-
265,YLR450W,1.0, ,1.0,1.0,1.0, ,,,,,
266,YFL022C,1.0, ,1.0,1.0,1.0, ,-,-,-,-,-
267,YBL098W,1.0, ,1.0,1.0,1.0, ,,,,,
268,YDL095W,1.0, ,1.0,1.0,1.0, ,,,,,
269,YOR270C,1.0, ,1.0,1.0,1.0, ,,,,,
270,YGL224C,1.0, ,1.0,1.0,1.0, ,,,,,
271,YNL268W,1.0, ,1.0,1.0,1.0, ,,,,,
272,YHR020W,1.0, ,1.0,1.0,1.0, ,-,-,-,-,-
273,YKR039W,1.0, ,1.0,1.0,1.0, ,,,,,
274,YPL087W,1.0, ,1.0,1.0,1.0, ,,,,,
275,YDL178W,1.0, ,1.0,1.0,1.0, ,,,,,
276,YMR215W,1.0, ,1.0,1.0,1.0, ,,,,,
277,YLL043W,1.0, ,1.0,1.0,1.0, ,,,,,
278,YAR073W,1.0, ,1.0,1.0,1.0, ,-,-,-,-,-
279,YNR056C,1.0, ,1.0,1.0,1.0, ,,,,,
280,YML086C,1.0, ,1.0,1.0,1.0, ,,,,,
281,YPL097W,1.0, ,1.0,1.0,1.0, ,,,0,0,0
282,YDR268W,1.0, ,1.0,1.0,1.0, ,,,0,0,0
283,YJL221C,1.0, ,1.0,1.0,1.0, ,-,-,-,-,-
284,YLL048C,1.0, ,1.0,1.0,1.0, ,,,,,
285,YER141W,1.0, ,1.0,1.0,1.0, ,,,0,0,0
286,YDR204W,1.0, ,1.0,1.0,1.0, ,,,0,0,0
287,YNL220W,0.0, ,-0.0,0.0,-0.0, ,0,0,0,0,0
288,YMR293C,1.0, ,1.0,1.0,1.0, ,,,,,
289,YDR343C,1.0, ,1.0,1.0,1.0, ,-,-,-,-,-
290,YGR060W,0.0, ,0.0,0.0,0.0, ,-,-,-,-,-
291,YAL038W,1.0, ,1.0,1.0,1.0, ,-,-,-,-,-
292,YCL064C,1.0, ,1.0,1.0,1.0, ,,,,,
293,YER174C,1.0, ,1.0,1.0,1.0, ,,,,,
294,YGL119W,1.0, ,1.0,1.0,1.0, ,-,-,-,-,-
295,YML126C,-0.0, ,0.0,0.0,0.0, ,-,-,-,-,-
296,YPL028W,0.0, ,0.0,0.0,0.0, ,-,-,-,-,-
297,YFR019W,1.0, ,1.0,1.0,1.0, ,,,,,
298,YNR019W,1.0, ,1.0,1.0,1.0, ,,,,,
299,YJR152W,1.0, ,1.0,1.0,1.0, ,,,,,
300,YBR199W,1.0, ,1.0,1.0,1.0, ,,,,,
301,YJR109C,1.0, ,1.0,1.0,1.0, ,,,,,
302,YCR048W,1.0, ,1.0,1.0,1.0, ,,,,,
303,YPL147W,1.0, ,1.0,1.0,1.0, ,,,,,
304,YDL182W,1.0, ,1.0,1.0,1.0, ,,,,,
305,YER069W,0.0, ,0.0,0.0,0.0, ,0,0,,,0
306,YJR148W,0.0, ,0.0,0.0,0.0, ,,,,,
307,YKL141W,1.0, ,1.0,1.0,1.0, ,-,-,-,-,-
308,YIL111W,1.0, ,1.0,1.0,1.0, ,,,,,
309,YOL097C,1.0, ,1.0,1.0,1.0, ,-,-,-,-,-
310,YBR153W,0.0, ,0.0,0.0,0.0, ,-,-,-,-,-
311,YLL062C,1.0, ,1.0,1.0,1.0, ,,,,,
312,YLR138W,1.0, ,1.0,1.0,1.0, ,,,,,
313,YKR069W,1.0, ,1.0,1.0,1.0, ,,,,,
314,YLR343W,1.0, ,1.0,1.0,1.0, ,,,,,
315,YPR033C,1.0, ,1.0,1.0,1.0, ,-,-,-,-,-
316,YMR085W,1.0, ,1.0,1.0,1.0, ,,,,,
317,YLL018C,1.0, ,1.0,1.0,1.0, ,-,-,-,-,-
318,YGL154C,0.0, ,0.0,0.0,0.0, ,0,0,0,0,0
319,YPR062W,1.0, ,1.0,1.0,1.0, ,,,,,
320,YNL202W,1.0, ,1.0,1.0,1.0, ,,,,,
321,YER023W,0.0, ,0.0,0.0,0.0, ,-,-,-,-,-
322,YBR026C,1.0, ,1.0,1.0,1.0, ,,,,,
323,YDL185W,1.0, ,1.0,1.0,1.0, ,,,,, 
324,YER060W,1.0, ,1.0,1.0,1.0, ,,,,,
325,YER065C,1.0, ,1.0,1.0,0.0, ,,,,,0
326,YBR069C,1.0, ,1.0,1.0,1.0, ,,,,,
327,YGR177C,1.0, ,1.0,1.0,1.0, ,,,,,
328,YJR133W,1.0, ,1.0,1.0,1.0, ,,,,,
329,YOR388C,1.0, ,1.0,1.0,1.0, ,-,-,-,-,-
330,YGL040C,1.0, ,1.0,1.0,1.0, ,-,-,-,-,-
331,YLR133W,1.0, ,1.0,1.0,1.0, ,,,,,
332,YDL215C,1.0, ,1.0,1.0,1.0, ,,,,,
333,YML004C,1.0, ,1.0,1.0,1.0, ,,,,,
334,YPL057C,1.0, ,1.0,1.0,1.0, ,,,,,
335,YBR021W,0.0, ,-0.0,0.0,0.0, ,,,,,
336,YLR308W,1.0, ,1.0,1.0,1.0, ,,0,,,0
337,YBR161W,1.0, ,1.0,1.0,1.0, ,,,,,
338,YNL169C,1.0, ,1.0,1.0,1.0, ,,,,,
339,YKL029C,1.0, ,1.0,1.0,1.0, ,,,,,
340,YNL104C,1.0, ,1.0,1.0,1.0, ,,,,,
341,YML081C-A,1.0, ,1.0,0.0,0.0, ,,,,,
342,YDL045C,1.0, ,1.0,1.0,1.0, ,-,-,-,-,-
343,YLR180W,1.0, ,1.0,1.0,1.0, ,,,,,
344,YOR245C,1.0, ,1.0,1.0,1.0, ,,,,,
345,YGR282C,1.0, ,1.0,1.0,1.0, ,,,,,
346,YDL198C,1.0, ,1.0,1.0,1.0, ,,,0,0,0
347,YOR236W,0.0, ,0.0,0.0,0.0, ,-,-,-,-,-
348,YNR043W,0.0, ,0.0,0.0,0.0, ,-,-,-,-,-
349,YOR360C,1.0, ,1.0,1.0,1.0, ,,,,,
350,YOR335C,1.0, ,1.0,1.0,1.0, ,-,-,-,-,-
351,UNKNOWN,1.0, ,1.0,1.0,1.0, ,-,-,-,-,-
352,YGR204W,0.0, ,-0.0,-0.0,0.0, ,0,0,0,0,0
353,YJL005W,1.0, ,1.0,1.0,1.0, ,-,-,-,-,-
354,YOL065C,1.0, ,1.0,1.0,1.0, ,,,,,
355,YHR044C,1.0, ,1.0,1.0,1.0, ,,,,,
356,YFL001W,1.0, ,1.0,1.0,1.0, ,,,,,
357,YKL217W,1.0, ,1.0,1.0,1.0, ,,,,,
358,YJR016C,0.0, ,0.0,0.0,0.0, ,-,-,-,-,-
359,YDL100C,1.0, ,1.0,1.0,1.0, ,,,,,
360,YOR095C,0.0, ,0.0,0.0,0.0, ,-,-,-,-,-
361,YEL038W,1.0, ,1.0,1.0,1.0, ,,,,,
362,YGR185C,1.0, ,1.0,1.0,1.0, ,-,-,-,-,-
363,YOR377W,1.0, ,1.0,1.0,1.0, ,,,,,
364,YPL265W,1.0, ,1.0,1.0,1.0, ,,,,,
365,YKL001C,1.0, ,1.0,1.0,1.0, ,,,,,
366,YMR271C,1.0, ,1.0,1.0,1.0, ,,,,,
367,YKL216W,1.0, ,1.0,1.0,1.0, ,,,,,
368,YDR441C,1.0, ,1.0,1.0,1.0, ,,,,,
369,YBR034C,1.0, ,1.0,1.0,1.0, ,,,,,
370,YMR296C,1.0, ,1.0,1.0,1.0, ,-,-,-,-,-
371,YPL023C,1.0, ,1.0,1.0,1.0, ,,,,,
372,YER090W,0.0, ,0.0,0.0,0.0, ,0,0,0,0,0
373,YGR199W,1.0, ,1.0,1.0,1.0, ,,,,,
374,YPL212C,1.0, ,1.0,1.0,1.0, ,,,,,
375,YMR145C,1.0, ,1.0,1.0,1.0, ,,,,,
376,YNL280C,0.0, ,0.0,0.0,0.0, ,,,,,
377,YDR007W,0.0, ,0.0,0.0,0.0, ,0,0,0,0,0
378,YIL160C,1.0, ,1.0,1.0,1.0, ,,,,,
379,YNR072W,1.0, ,1.0,1.0,1.0, ,,,,,
380,YML022W,1.0, ,1.0,1.0,1.0, ,0,0,0,0,0
381,YDR062W,1.0, ,1.0,1.0,1.0, ,-,-,-,-,-
382,YPR159W,1.0, ,1.0,1.0,1.0, ,,,,,
383,YDR017C,1.0, ,1.0,1.0,1.0, ,,,,,
384,YMR303C,1.0, ,1.0,1.0,1.0, ,,,,,
385,YML123C,1.0, ,1.0,1.0,1.0, ,,,,,
386,YPL189W,1.0, ,1.0,1.0,1.0, ,,,,,
387,YHR190W,0.0, ,0.0,0.0,0.0, ,-,-,-,-,-
388,YHL011C,1.0, ,1.0,1.0,1.0, ,,,,,
389,YMR313C,1.0, ,1.0,1.0,1.0, ,,,,,
390,YGR143W,1.0, ,1.0,1.0,1.0, ,,,,,
391,YHR007C,0.0, ,0.0,0.0,0.0, ,-,-,-,-,-
392,YBR205W,1.0, ,1.0,1.0,1.0, ,,,,,
393,YOR163W,1.0, ,1.0,1.0,1.0, ,,,,,
394,YOR321W,1.0, ,1.0,1.0,1.0, ,,,,,
395,YBR003W,1.0, ,1.0,1.0,1.0, ,,,0,0,0
396,YDL085W,1.0, ,1.0,1.0,1.0, ,,,,,
397,YBR183W,1.0, ,1.0,1.0,1.0, ,,,,,
398,YGL256W,1.0, ,1.0,1.0,1.0, ,,,,,
399,YGR260W,1.0, ,1.0,1.0,1.0, ,,,,,
400,YER099C,1.0, ,1.0,1.0,1.0, ,-,-,-,-,-
401,YBL013W,1.0, ,1.0,1.0,1.0, ,,,,,
402,YJR048W,1.0, ,1.0,1.0,1.0, ,,,,,
403,YNL256W,0.0, ,0.0,0.0,0.0, ,-,-,-,-,-
404,YLR174W,0.0, ,-0.0,0.0,0.0, ,,,,,
405,YLL028W,1.0, ,1.0,1.0,1.0, ,,,,,
406,YHR001W-A,1.0, ,1.0,0.0,0.0, ,,,,,
407,YMR207C,1.0, ,1.0,1.0,1.0, ,,,,,
408,YGR286C,1.0, ,1.0,1.0,1.0, ,,,,,
409,YCR037C,1.0, ,1.0,1.0,1.0, ,,,,,
410,YIR031C,1.0, ,1.0,1.0,1.0, ,,,,,
411,YHR174W,1.0, ,1.0,1.0,1.0, ,-,-,-,-,-
412,YLR359W,-0.0, ,-0.0,0.0,0.0, ,-,-,-,-,-
413,YJR143C,1.0, ,1.0,1.0,1.0, ,-,-,-,-,-
414,YMR217W,0.0, ,0.0,0.0,0.0, ,-,-,-,-,-
415,YFR025C,1.0, ,1.0,1.0,1.0, ,,,,,
416,YBR039W,1.0, ,1.0,0.0,0.0, ,-,-,-,-,-
417,YER024W,1.0, ,1.0,1.0,1.0, ,,,,,
418,YKL004W,1.0, ,1.0,1.0,1.0, ,-,-,-,-,-
419,YOR136W,1.0, ,1.0,1.0,1.0, ,,,,,
420,YNL142W,1.0, ,1.0,1.0,1.0, ,,,,,
421,YPL234C,1.0, ,1.0,1.0,1.0, ,,,,,
422,YOR209C,1.0, ,1.0,1.0,1.0, ,,,,,
423,YGL026C,0.0, ,0.0,0.0,0.0, ,0,0,0,0,0
424,YHR094C,1.0, ,1.0,1.0,1.0, ,,,,,
425,Q0045,1.0, ,1.0,0.0,0.0, ,-,-,-,-,-
426,YGR138C,1.0, ,1.0,1.0,1.0, ,,,,,
427,YLR258W,1.0, ,1.0,1.0,1.0, ,,,,,
428,YGL125W,1.0, ,1.0,1.0,1.0, ,,,,,
429,YNL101W,1.0, ,1.0,1.0,1.0, ,,,,,
430,YBR127C,1.0, ,1.0,1.0,1.0, ,,,,, 
431,YLR164W,1.0, ,1.0,1.0,1.0, ,,,,,
432,YMR189W,1.0, ,1.0,1.0,1.0, ,,,,,
433,YJL137C,1.0, ,1.0,1.0,1.0, ,,,,,
434,YGL009C,1.0, ,1.0,1.0,1.0, ,,,,,
435,YLR028C,1.0, ,1.0,1.0,1.0, ,,,,,
436,YLR285W,1.0, ,1.0,1.0,1.0, ,,,,,
437,YDR497C,1.0, ,1.0,1.0,1.0, ,,,,,
438,YBR115C,0.0, ,0.0,0.0,0.0, ,0,0,0,0,0
439,YKL055C,1.0, ,1.0,1.0,1.0, ,,,,,
440,YGR192C,1.0, ,1.0,1.0,1.0, ,,,,,
441,YFL053W,1.0, ,1.0,1.0,1.0, ,,,,,
442,YDR368W,1.0, ,1.0,1.0,1.0, ,,,,,
443,YBL045C,1.0, ,1.0,0.0,0.0, ,,,0,0,0
444,YGR043C,1.0, ,1.0,1.0,1.0, ,,,,,
445,YPR184W,1.0, ,1.0,1.0,1.0, ,,,,,
446,YAR071W,1.0, ,1.0,1.0,1.0, ,-,-,-,-,-
447,YLR060W,1.0, ,1.0,1.0,1.0, ,-,-,-,-,-
448,YOR184W,1.0, ,1.0,1.0,1.0, ,m,m,0,0,
449,YJL167W,0.0, ,0.0,0.0,0.0, ,-,-,-,-,-
450,Q0130,1.0, ,1.0,0.0,0.0, ,-,-,-,-,-
451,YBR149W,1.0, ,1.0,1.0,1.0, ,,,,,
452,YKL211C,0.0, ,0.0,0.0,0.0, ,0,0,0,0,0
453,YPR047W,1.0, ,1.0,1.0,1.0, ,,,0,0,0
454,YOR241W,1.0, ,1.0,1.0,1.0, ,,,0,0,0
455,YLR158C,1.0, ,1.0,1.0,1.0, ,-,-,-,-,-
456,YDR044W,1.0, ,1.0,1.0,1.0, ,-,-,-,-,-
457,YLR056W,1.0, ,1.0,1.0,1.0, ,,,,,
458,YKR080W,1.0, ,1.0,1.0,1.0, ,,,,,
459,YKL181W,1.0, ,1.0,1.0,1.0, ,-,-,-,-,-
460,YIL094C,0.0, ,0.0,0.0,0.0, ,0,0,0,0,0
461,YHR037W,1.0, ,1.0,1.0,1.0, ,,,,,
462,YIR037W,1.0, ,1.0,1.0,1.0, ,,,,,
463,YCR010C,1.0, ,1.0,1.0,1.0, ,,,,,
464,YPR035W,-0.0, ,0.0,0.0,0.0, ,-,-,-,-,-
465,YGL012W,0.0, ,0.0,0.0,0.0, ,,,0,0,0
466,YJL101C,1.0, ,1.0,1.0,1.0, ,,,,,
467,YLR432W,1.0, ,1.0,1.0,1.0, ,,,,,
468,YMR220W,0.0, ,0.0,0.0,0.0, ,-,-,-,-,-
469,YDR353W,1.0, ,1.0,1.0,1.0, ,-,-,-,-,-
470,YIR027C,1.0, ,1.0,1.0,1.0, ,,,,,
471,YDL080C,1.0, ,1.0,1.0,1.0, ,,,,,
472,YOR273C,1.0, ,1.0,1.0,1.0, ,,,,,
473,YJR073C,0.0, ,0.0,0.0,0.0, ,,,,,
474,YNR057C,1.0, ,1.0,1.0,1.0, ,,,,,
475,YGL067W,1.0, ,1.0,1.0,1.0, ,,,,,
476,YDR074W,0.0, ,0.0,0.0,0.0, ,,,,,
477,YGL077C,1.0, ,1.0,1.0,1.0, ,,,,,
478,YOR332W,1.0, ,1.0,1.0,1.0, ,,,,,
479,YBL099W,1.0, ,1.0,0.0,0.0, ,,,0,0,0
480,YGR208W,1.0, ,1.0,1.0,1.0, ,,,,,0
481,Q0250,1.0, ,1.0,0.0,0.0, ,-,-,-,-,-
482,YDR536W,1.0, ,1.0,1.0,1.0, ,,,,,
483,YCR075C,1.0, ,1.0,1.0,1.0, ,,,,,
484,YNL316C,0.0, ,0.0,0.0,0.0, ,0,0,0,0,0
485,YFR055W,1.0, ,1.0,1.0,1.0, ,,,,,
486,YLR081W,1.0, ,1.0,1.0,1.0, ,,,,,
487,YIL164C,1.0, ,1.0,1.0,1.0, ,,,,,
488,YMR267W,1.0, ,1.0,1.0,1.0, ,,,0,0,0
489,YIL116W,1.0, ,1.0,1.0,1.0, ,,,,,
490,YLR109W,1.0, ,1.0,1.0,1.0, ,,,,,
491,YOR190W,1.0, ,1.0,1.0,1.0, ,,,,,
492,YKR009C,1.0, ,1.0,1.0,1.0, ,,,,,
493,YGR094W,1.0, ,1.0,1.0,1.0, ,-,-,-,-,-
494,YDR402C,1.0, ,1.0,1.0,1.0, ,,,,,
495,YDR178W,1.0, ,1.0,1.0,1.0, ,,,,,
496,YJR103W,1.0, ,1.0,1.0,1.0, ,,,,,
497,YBR265W,1.0, ,1.0,1.0,1.0, ,-,-,-,-,-
498,YER043C,0.0, ,0.0,0.0,0.0, ,-,-,-,-,-
499,YDR232W,1.0, ,1.0,1.0,1.0, ,-,-,-,-,-
500,YGR124W,1.0, ,1.0,1.0,1.0, ,,,,,
501,YJR158W,1.0, ,1.0,1.0,1.0, ,-,-,-,-,-
502,YMR307W,1.0, ,1.0,1.0,1.0, ,,,,,
503,YGR264C,1.0, ,1.0,1.0,1.0, ,-,-,-,-,-
504,YOR222W,1.0, ,1.0,1.0,1.0, ,,,,,
505,YHR137W,1.0, ,1.0,1.0,1.0, ,,,,,
506,YOR348C,1.0, ,1.0,1.0,1.0, ,,,,,
507,YGL248W,1.0, ,1.0,1.0,1.0, ,,,,,
508,YLR134W,1.0, ,1.0,1.0,1.0, ,,,,,
509,YGL055W,1.0, ,1.0,1.0,1.0, ,-,-,-,-,-
510,YGR096W,1.0, ,1.0,1.0,1.0, ,,,,,
511,YJR025C,1.0, ,1.0,1.0,1.0, ,,,,,
512,YBR092C,1.0, ,1.0,1.0,1.0, ,,,,,
513,YOR393W,1.0, ,1.0,1.0,1.0, ,-,-,-,-,-
514,YKL035W,1.0, ,1.0,1.0,1.0, ,-,-,-,-,-
515,YBR068C,1.0, ,1.0,1.0,1.0, ,,,,,
516,YDR111C,1.0, ,1.0,1.0,1.0, ,,,,,
517,YOL061W,1.0, ,1.0,1.0,1.0, ,,,,,
518,YLR195C,1.0, ,1.0,1.0,1.0, ,-,-,-,-,-
519,YMR250W,1.0, ,1.0,1.0,1.0, ,,,,,
520,YDR483W,1.0, ,1.0,1.0,1.0, ,,,,,
521,YFL030W,1.0, ,1.0,1.0,1.0, ,,,,,
522,YGR254W,1.0, ,1.0,1.0,1.0, ,,,,,
523,YER061C,1.0, ,1.0,1.0,1.0, ,,,, ,
524,YNL111C,1.0, ,1.0,1.0,1.0, ,,,,,
525,YBR020W,1.0, ,0.0,1.0,1.0, ,,,0,,
526,YLR231C,1.0, ,1.0,1.0,1.0, ,,,,,
527,YKL184W,1.0, ,1.0,1.0,1.0, ,,,,,
528,YNL129W,1.0, ,1.0,1.0,1.0, ,,,,,
529,YJR139C,0.0, ,0.0,0.0,0.0, ,0,0,0,0,0
530,YKL016C,1.0, ,1.0,0.0,0.0, ,,,0, ,0
531,YPL111W,1.0, ,1.0,1.0,1.0, ,,,,,
532,YER183C,1.0, ,1.0,1.0,1.0, ,,,,,
533,YLR160C,1.0, ,1.0,1.0,1.0, ,-,-,-,-,-
534,YKL174C,1.0, ,1.0,1.0,1.0, ,,,,,
535,YDL066W,1.0, ,1.0,1.0,1.0, ,,,,,
536,YOR130C,0.0, ,0.0,0.0,0.0, ,, ,0,0, 
537,YKR093W,1.0, ,1.0,1.0,1.0, ,,,,,
538,YMR319C,1.0, ,1.0,1.0,1.0, ,,,,,
539,YOL066C,0.0, ,0.0,0.0,0.0, ,-,-,-,-,-
540,YBR085W,1.0, ,1.0,1.0,1.0, ,,,,,
541,YBR184W,1.0, ,1.0,1.0,1.0, ,,,,,
542,YKL026C,1.0, ,1.0,1.0,1.0, ,,,,,
543,YKL212W,1.0, ,1.0,1.0,1.0, ,,,,,
544,YNR050C,0.0, ,0.0,0.0,0.0, ,0,0,0,,0
545,YJR078W,1.0, ,1.0,1.0,1.0, ,,,,,
546,YPL188W,1.0, ,1.0,1.0,1.0, ,,,,,
547,YGR180C,1.0, ,1.0,1.0,1.0, ,,,0,0,0
548,YNL073W,1.0, ,1.0,1.0,1.0, ,,,0,0,0
549,YOR374W,1.0, ,1.0,1.0,1.0, ,,,,,
550,YFR047C,1.0, ,1.0,1.0,1.0, ,,,,,
551,YBR132C,1.0, ,1.0,1.0,1.0, ,,,0,0,0
552,YML110C,1.0, ,1.0,1.0,1.0, ,,,0,0,0
553,YOL011W,1.0, ,1.0,1.0,1.0, ,,,,,
554,YLR372W,1.0, ,1.0,1.0,1.0, ,,,,,
555,YPL276W,1.0, ,1.0,1.0,1.0, ,-,-,-,-,-
556,YAR075W,1.0, ,1.0,1.0,1.0, ,-,-,-,-,-
557,YOR171C,1.0, ,1.0,1.0,1.0, ,,,,,
558,YBR248C,1.0, ,1.0,1.0,1.0, ,,,,,
559,YHL016C,1.0, ,1.0,1.0,1.0, ,,,,,
560,YLR201C,1.0, ,1.0,1.0,1.0, ,,,,,
561,YFL017C,1.0, ,1.0,1.0,1.0, ,-,-,-,-,-
562,YDL168W,1.0, ,1.0,1.0,1.0, ,,,,,
563,YIL134W,1.0, ,1.0,1.0,1.0, ,,,,,
564,YDR236C,1.0, ,1.0,1.0,1.0, ,-,-,-,-,-
565,YKL106W,1.0, ,1.0,1.0,1.0, ,,,,,
566,YLR307W,1.0, ,1.0,1.0,1.0, ,,,,,
567,YOL143C,0.0, ,0.0,0.0,0.0, ,0,0,0,0,0
568,YGL063W,1.0, ,1.0,1.0,1.0, ,,,,,
569,YHR072W,0.0, ,0.0,0.0,0.0, ,-,-,-,-,-
570,YGL148W,0.0, ,0.0,0.0,0.0, ,0,0,0,0,0
571,YNL192W,1.0, ,1.0,1.0,1.0, ,,,,,
572,YCL035C,1.0, ,1.0,1.0,1.0, ,,,,,
573,YKR053C,1.0, ,1.0,1.0,1.0, ,,,,,
574,YLR420W,1.0, ,1.0,1.0,1.0, ,,,,,
575,YOL056W,1.0, ,1.0,1.0,1.0, ,,,,,
576,YHR144C,1.0, ,1.0,1.0,1.0, ,-,-,-,-,-
577,YDR208W,1.0, ,1.0,1.0,1.0, ,-,-,-,-,-
578,YJR077C,1.0, ,1.0,1.0,1.0, ,,,,, 
579,YGR088W,1.0, ,1.0,1.0,1.0, ,,,,,
580,YMR083W,1.0, ,1.0,1.0,1.0, ,,,,,
581,YFR015C,1.0, ,1.0,1.0,1.0, ,,,,,
582,YOR176W,1.0, ,1.0,1.0,1.0, ,-,-,-,-,-
583,YOR109W,1.0, ,1.0,1.0,1.0, ,,,,,
584,YOL049W,1.0, ,1.0,1.0,1.0, ,,,,,
585,YDR158W,0.0, ,0.0,0.0,0.0, ,0,0,0,0,0
586,YBR180W,1.0, ,1.0,1.0,1.0, ,,,,,
587,YNL247W,1.0, ,1.0,1.0,1.0, ,-,-,-,-,-
588,YDL141W,1.0, ,1.0,1.0,1.0, ,-,-,-,-,-
589,YHR128W,1.0, ,1.0,1.0,1.0, ,-,-,-,-,-
590,YOL126C,1.0, ,1.0,1.0,1.0, ,,,,,0
591,YCR073W-A,1.0, ,1.0,1.0,1.0, ,,,,,
592,YMR120C,1.0, ,1.0,1.0,1.0, ,,,,,
593,YDR256C,1.0, ,1.0,1.0,1.0, ,,,,,
594,YOR143C,1.0, ,1.0,1.0,1.0, ,-,-,-,-,-
595,YDL052C,1.0, ,1.0,1.0,1.0, ,,,,,
596,YER005W,1.0, ,1.0,1.0,1.0, ,,,,,
597,YIL009W,1.0, ,1.0,1.0,1.0, ,,,,,
598,YIL168W,1.0, ,1.0,1.0,1.0, ,,,,,
599,YML075C,1.0, ,1.0,1.0,1.0, ,,,,,
600,YCR024C,1.0, ,1.0,1.0,1.0, ,,,0,0,0
601,YEL071W,1.0, ,1.0,1.0,1.0, ,,,,,
602,YDR050C,0.0, ,0.0,0.0,0.0, ,,,,,
603,YBR213W,1.0, ,1.0,1.0,1.0, ,,,,,
604,YLR355C,0.0, ,0.0,0.0,0.0, ,-,-,-,-,-
605,YCR032W,1.0, ,1.0,1.0,1.0, ,,,,,
606,YPR081C,1.0, ,1.0,1.0,1.0, ,-,-,-,-,-
607,YMR118C,1.0, ,1.0,1.0,1.0, ,,,,,
608,YIL043C,1.0, ,1.0,1.0,1.0, ,,,,,
609,YPL134C,1.0, ,1.0,1.0,1.0, ,,,,,
610,YOL096C,1.0, ,1.0,1.0,1.0, ,,,0,0,0
611,YDR284C,1.0, ,1.0,1.0,1.0, ,,,,,
612,YPL252C,1.0, ,1.0,1.0,1.0, ,-,-,-,-,-
613,YLR151C,1.0, ,1.0,1.0,1.0, ,,,,,
614,YPR121W,1.0, ,1.0,1.0,1.0, ,,,,,
615,YBR218C,1.0, ,1.0,1.0,1.0, ,,,,,
616,YKR058W,1.0, ,1.0,1.0,1.0, ,0,0,0,0,0
617,YML120C,1.0, ,1.0,1.0,1.0, ,,,,,
618,YHR106W,1.0, ,1.0,1.0,1.0, ,,,,,
619,YLR172C,1.0, ,1.0,1.0,1.0, ,,,,,
620,YKL132C,1.0, ,1.0,1.0,1.0, ,,,,,
621,YIL125W,1.0, ,1.0,1.0,1.0, ,,,,0,0
622,YHR208W,1.0, ,1.0,1.0,1.0, ,-,-,-,-,-
623,YAL062W,1.0, ,1.0,1.0,1.0, ,,,,,
624,YMR008C,1.0, ,1.0,1.0,1.0, ,,,,,
625,YBL015W,1.0, ,1.0,1.0,1.0, ,,,,,
626,YEL027W,1.0, ,1.0,1.0,1.0, ,,,,,0
627,YDL171C,1.0, ,1.0,1.0,1.0, ,,,,,
628,YBR296C,1.0, ,1.0,1.0,1.0, ,,,,,
629,YBL076C,1.0, ,1.0,1.0,1.0, ,-,-,-,-,-
630,YPR191W,1.0, ,1.0,0.0,0.0, ,,,,,0
631,YLR017W,1.0, ,1.0,1.0,1.0, ,,,,,
632,YJR010W,1.0, ,1.0,1.0,1.0, ,,,,,
633,YBR041W,1.0, ,1.0,1.0,1.0, ,,,,,
634,YNR033W,1.0, ,1.0,1.0,1.0, ,,,,,
635,YFL018C,1.0, ,1.0,1.0,1.0, ,,,,m,
636,YGR193C,1.0, ,1.0,1.0,1.0, ,,,,,
637,YOR168W,1.0, ,1.0,1.0,1.0, ,-,-,-,-,-
638,YJR051W,1.0, ,1.0,1.0,1.0, ,,,,,
639,YPL273W,1.0, ,1.0,1.0,1.0, ,,,,,
640,YDR261C,1.0, ,1.0,1.0,1.0, ,,,,,
641,YKL218C,1.0, ,1.0,1.0,1.0, ,,,,,
642,YNL009W,1.0, ,1.0,1.0,1.0, ,,,,,
643,YER170W,1.0, ,1.0,1.0,1.0, ,,,,,
644,YEL011W,1.0, ,1.0,1.0,1.0, ,,,,,
645,YML035C,1.0, ,1.0,1.0,1.0, ,,,,,
646,YDR453C,1.0, ,1.0,1.0,1.0, ,,,,,
647,YDR037W,1.0, ,1.0,1.0,1.0, ,-,-,-,-,-
648,YER178W,1.0, ,1.0,1.0,1.0, ,,,,,
649,YGR170W,1.0, ,1.0,1.0,1.0, ,,,,,
650,YDL247W,1.0, ,1.0,1.0,1.0, ,-,-,-,-,-
651,YJR019C,1.0, ,1.0,1.0,1.0, ,,,,,
652,YDR047W,1.0, ,1.0,1.0,1.0, ,-,-,-,-,-
653,YDR321W,1.0, ,1.0,1.0,1.0, ,,,,,
654,YNR001C,1.0, ,1.0,1.0,1.0, ,,,,,
655,YNL071W,1.0, ,1.0,1.0,1.0, ,,,,,
656,YMR088C,1.0, ,1.0,1.0,1.0, ,,,,,
657,YDR147W,1.0, ,1.0,1.0,1.0, ,,,,,
658,YDL093W,1.0, ,1.0,1.0,1.0, ,,,,,
659,YLR295C,1.0, ,1.0,0.0,0.0, ,,,0,0,0
660,YDR530C,1.0, ,1.0,1.0,1.0, ,,,,,
661,YPL078C,1.0, ,1.0,0.0,0.0, ,,,0,0,0
662,YKL148C,1.0, ,1.0,1.0,1.0, ,,,,,0
663,YKL192C,1.0, ,1.0,1.0,1.0, ,-,-,-,-,-
664,YCR053W,0.0, ,0.0,0.0,0.0, ,0,0,0,0,
665,YER086W,1.0, ,1.0,1.0,1.0, ,0,0,0,0,0
666,YGL001C,0.0, ,0.0,0.0,0.0, ,-,-,-,-,-
667,YBR291C,1.0, ,1.0,1.0,1.0, ,,,,,
668,YJR160C,1.0, ,1.0,1.0,1.0, ,-,-,-,-,-
669,YER087W,1.0, ,1.0,1.0,1.0, ,,,0,0,0
670,YAR015W,-0.0, ,0.0,0.0,0.0, ,0,0,0,0,0
671,YPR156C,1.0, ,1.0,1.0,1.0, ,,,,,
672,YJL060W,1.0, ,1.0,1.0,1.0, ,,,,,
673,YOR100C,1.0, ,1.0,1.0,1.0, ,,,,,
674,YDL205C,1.0, ,1.0,1.0,1.0, ,-,-,-,-,-
675,YKR097W,1.0, ,1.0,1.0,0.0, ,,,,,0
676,YPL172C,1.0, ,1.0,1.0,1.0, ,,,0,0,0
677,YHR019C,1.0, ,1.0,1.0,1.0, ,-,-,-,-,-
678,YNL037C,1.0, ,1.0,1.0,1.0, ,,,,,
679,YPR140W,1.0, ,1.0,1.0,1.0, ,,,,,
680,YDL131W,1.0, ,1.0,1.0,1.0, ,,,,,
681,YMR054W,1.0, ,1.0,1.0,1.0, ,,,,,
682,YIL107C,1.0, ,1.0,1.0,1.0, ,,,,,
683,YER053C,1.0, ,1.0,1.0,1.0, ,,,,,
684,YOR126C,1.0, ,1.0,1.0,1.0, ,,,,,
685,YKR066C,1.0, ,1.0,1.0,1.0, ,,,,,
686,YIR034C,0.0, ,0.0,0.0,0.0, ,0,0,0,0,0
687,YGR248W,1.0, ,1.0,1.0,1.0, ,,,,,
688,YCL050C,1.0, ,1.0,1.0,1.0, ,,,,,
689,YLR303W,1.0, ,1.0,1.0,1.0, ,,,,,
690,YML070W,1.0, ,1.0,1.0,1.0, ,,,,,
691,YGR087C,1.0, ,1.0,1.0,1.0, ,,,,,
692,YGL008C,1.0, ,1.0,1.0,1.0, ,-,-,-,-,-
693,YJL026W,1.0, ,1.0,1.0,1.0, ,-,-,-,-,-
694,YOL103W,1.0, ,1.0,1.0,1.0, ,,,,,
695,YCL025C,1.0, ,1.0,1.0,1.0, ,,,,,
696,YNR034W,1.0, ,1.0,1.0,1.0, ,,,,,
697,YMR108W,0.0, ,0.0,0.0,0.0, ,-,-,-,-,-
698,YDR272W,1.0, ,1.0,1.0,1.0, ,,,,,
699,YGR289C,1.0, ,1.0,1.0,1.0, ,,,,,
700,YGR157W,0.0, ,0.0,0.0,0.0, ,,,,,
701,YNL318C,1.0, ,1.0,1.0,1.0, ,,,,,
702,YBR196C,1.0, ,0.0,0.0,0.0, ,-,-,-,-,-
703,YDR297W,1.0, ,1.0,1.0,1.0, ,,,,,
704,YGR147C,1.0, ,1.0,1.0,1.0, ,-,-,-,-,-
705,YOL033W,1.0, ,1.0,1.0,1.0, ,,,,,
706,YMR261C,1.0, ,1.0,1.0,1.0, ,,,,,
707,YBR018C,1.0, ,0.0,1.0,1.0, ,,,0,,
708,YLR142W,1.0, ,1.0,1.0,1.0, ,,,,,
709,YBR006W,1.0, ,1.0,1.0,1.0, ,,,,,
710,YLR038C,1.0, ,1.0,0.0,0.0, ,,,,,
711,YDL040C,1.0, ,1.0,1.0,1.0, ,,,,,
712,YDL015C,1.0, ,1.0,1.0,1.0, ,-,-,-,-,-
713,YHR068W,1.0, ,1.0,1.0,1.0, ,-,-,-,-,-
714,YCR036W,1.0, ,1.0,1.0,1.0, ,,,,,
715,YGR287C,1.0, ,1.0,1.0,1.0, ,,,,,
716,YER015W,1.0, ,1.0,1.0,1.0, ,-,-,-,-,-
717,YBR166C,1.0, ,1.0,1.0,1.0, ,,,,,
718,YMR170C,1.0, ,1.0,1.0,1.0, ,,,,,
719,YIL155C,1.0, ,1.0,1.0,1.0, ,,,,,
720,YGR171C,1.0, ,1.0,1.0,1.0, ,,,0,0,0
721,YJR121W,1.0, ,1.0,0.0,0.0, ,,,,,
722,YDR035W,1.0, ,1.0,1.0,1.0, ,,,,,
723,YGR055W,1.0, ,1.0,1.0,1.0, ,,,,,
724,YDR502C,1.0, ,1.0,1.0,1.0, ,,,,,
725,YGR065C,1.0, ,1.0,1.0,1.0, ,-,-,-,-,-
726,YER062C,1.0, ,1.0,1.0,1.0, ,,,,,
727,YGR247W,1.0, ,1.0,1.0,1.0, ,,,,,
728,YDR098C,1.0, ,1.0,1.0,1.0, ,,,,,
729,YLR245C,1.0, ,1.0,1.0,1.0, ,-,-,-,-,-
730,YHR092C,1.0, ,1.0,1.0,1.0, ,,,,,
731,YNR016C,0.0, ,0.0,0.0,0.0, ,-,-,-,-,-
732,YPR026W,1.0, ,1.0,1.0,1.0, ,,,,,
733,YLR070C,1.0, ,1.0,1.0,1.0, ,,,,,
734,YIL078W,1.0, ,1.0,1.0,1.0, ,-,-,-,-,-
735,YBR023C,1.0, ,1.0,1.0,1.0, ,,,,,
736,YNL052W,1.0, ,1.0,1.0,1.0, ,,,,, 
737,YGL184C,1.0, ,1.0,1.0,1.0, ,-,-,-,-,-
738,YNR008W,1.0, ,1.0,1.0,1.0, ,,,,,
739,YBR249C,1.0, ,1.0,1.0,1.0, ,,,,,
740,YLR155C,1.0, ,1.0,1.0,1.0, ,-,-,-,-,-
741,YEL069C,1.0, ,1.0,1.0,1.0, ,-,-,-,-,-
742,YDR341C,1.0, ,1.0,1.0,1.0, ,-,-,-,-,-
743,YGR012W,1.0, ,1.0,1.0,1.0, ,,,,,
744,YBR084W,1.0, ,1.0,1.0,1.0, ,,,,,
745,YDR127W,-0.0, ,0.0,0.0,0.0, ,0,0,0,0,0
746,YGR202C,1.0, ,1.0,1.0,1.0, ,,,,,
747,YEL063C,1.0, ,1.0,1.0,1.0, ,,,,,
748,YKL120W,1.0, ,1.0,1.0,1.0, ,,,,,
749,YJR057W,1.0, ,1.0,1.0,1.0, ,-,-,-,-,-
750,YDR508C,1.0, ,1.0,1.0,1.0, ,,,,,
751,YKL127W,1.0, ,1.0,1.0,1.0, ,,,,,
752,YPR001W,1.0, ,1.0,1.0,1.0, ,,,,,
753,YMR011W,1.0, ,1.0,1.0,1.0, ,,,,,
754,YEL024W,1.0, ,1.0,0.0,0.0, ,,,0,0,0
755,YJL126W,1.0, ,1.0,1.0,1.0, ,,,,,
756,YKL067W,0.0, ,0.0,0.0,0.0, ,,,,,
757,YBL042C,1.0, ,1.0,1.0,1.0, ,,,,,
758,YIL099W,1.0, ,1.0,1.0,1.0, ,,,,,
759,YJR009C,1.0, ,1.0,1.0,1.0, ,,,,,
760,YPR145W,1.0, ,1.0,1.0,1.0, ,,,,,
761,YDR023W,1.0, ,1.0,1.0,1.0, ,-,-,-,-,-
762,YOR375C,1.0, ,1.0,1.0,1.0, ,,,,,
763,YOL055C,1.0, ,1.0,1.0,1.0, ,,,,,
764,YLR092W,1.0, ,1.0,1.0,1.0, ,,,,,
765,YML056C,1.0, ,1.0,1.0,1.0, ,,,,,
766,YDR072C,1.0, ,1.0,1.0,1.0, ,,,,,
767,YDR298C,1.0, ,1.0,0.0,0.0, ,,,0,0,0
768,YIL020C,1.0, ,1.0,1.0,1.0, ,,,,,
769,YBR208C,1.0, ,1.0,1.0,1.0, ,,,,,
770,YOL059W,1.0, ,1.0,1.0,1.0, ,,,,,
771,YOR099W,1.0, ,1.0,1.0,1.0, ,,,,,
772,YML100W,1.0, ,1.0,1.0,1.0, ,,,,,
773,YBL068W,1.0, ,1.0,1.0,1.0, ,,,,,
774,YKL150W,1.0, ,1.0,1.0,1.0, ,,,,,
775,YHR026W,1.0, ,1.0,1.0,1.0, ,,,,,
776,YPL160W,1.0, ,1.0,1.0,1.0, ,-,-,-,-,-
777,YHR043C,1.0, ,1.0,1.0,1.0, ,-,-,-,-,-
778,YOR128C,0.0, ,-0.0,-0.0,0.0, ,0,0,0,0,0
779,YJL052W,1.0, ,1.0,1.0,1.0, ,,,,,
780,YJL198W,1.0, ,1.0,1.0,1.0, ,,,,,
781,YGR209C,1.0, ,1.0,1.0,1.0, ,,,,,
782,YPR192W,1.0, ,1.0,1.0,1.0, ,,,,,
783,YPR113W,0.0, ,0.0,0.0,0.0, ,-,-,-,-,-
784,YML096W,1.0, ,1.0,1.0,1.0, ,,,,,
785,YPR138C,1.0, ,1.0,1.0,1.0, ,,,,,
786,YOR323C,1.0, ,1.0,1.0,1.0, ,,,,,
787,YLL041C,1.0, ,1.0,1.0,0.0, ,,,,,
788,YML106W,1.0, ,1.0,1.0,1.0, ,,,,,
789,YJL214W,1.0, ,1.0,1.0,1.0, ,,,,,
790,YMR169C,1.0, ,1.0,1.0,1.0, ,,,,,
791,YLR240W,1.0, ,1.0,1.0,1.0, ,,,,,
792,YER026C,0.0, ,0.0,0.0,0.0, ,-,-,-,-,-
793,YPR069C,1.0, ,1.0,1.0,1.0, ,,,,,
794,YMR105C,1.0, ,1.0,1.0,1.0, ,,,,,
795,YJL216C,1.0, ,1.0,1.0,1.0, ,,,,,
796,YJR095W,1.0, ,1.0,1.0,1.0, ,,,,, 
797,YML042W,1.0, ,1.0,1.0,1.0, ,,,,,
798,YCR024C-A,1.0, ,1.0,1.0,1.0, ,,,,,
799,YOR142W,1.0, ,1.0,1.0,1.0, ,,,,,
800,YPL281C,1.0, ,1.0,1.0,1.0, ,-,-,-,-,-
801,YOR040W,1.0, ,1.0,1.0,1.0, ,,,,,
802,YFR033C,1.0, ,1.0,0.0,0.0, ,,,,,
803,YEL046C,1.0, ,1.0,1.0,1.0, ,,,,,
804,YBR192W,1.0, ,1.0,1.0,1.0, ,-,-,-,-,-
805,YLR020C,1.0, ,1.0,1.0,1.0, ,,,,,
806,YDL022W,1.0, ,1.0,1.0,1.0, ,,,,,
807,YPR021C,1.0, ,1.0,1.0,1.0, ,,,,,
808,YLR044C,1.0, ,1.0,1.0,1.0, ,,,,,
809,YGR244C,1.0, ,1.0,1.0,1.0, ,,,,,
810,YDL078C,1.0, ,1.0,1.0,1.0, ,,,,,
811,YPR060C,0.0, ,0.0,0.0,0.0, ,0,0,0,0,0
812,YML008C,1.0, ,1.0,1.0,1.0, ,,,,,
813,YOR074C,0.0, ,0.0,0.0,0.0, ,-,-,-,-,-
814,YOR071C,1.0, ,1.0,1.0,1.0, ,,,,,
815,YLR146C,1.0, ,1.0,1.0,1.0, ,,,,,
816,YOR155C,1.0, ,1.0,1.0,1.0, ,,,,,
817,YLR189C,1.0, ,1.0,1.0,1.0, ,,,,,
818,YBL011W,1.0, ,1.0,1.0,1.0, ,,,,,
819,YCL009C,0.0, ,0.0,0.0,0.0, ,,,,,
820,YJL121C,1.0, ,1.0,1.0,1.0, ,,,,,
821,YMR208W,0.0, ,0.0,0.0,0.0, ,-,-,-,-,-
822,YKL008C,1.0, ,1.0,1.0,1.0, ,,,,,
823,Q0105,1.0, ,1.0,0.0,0.0, ,-,-,-,-,-
824,YNL029C,1.0, ,1.0,1.0,1.0, ,,,,,
825,YKL140W,1.0, ,1.0,1.0,1.0, ,,,,,
826,YPL069C,1.0, ,1.0,1.0,1.0, ,,,,,
827,YBR093C,1.0, ,1.0,1.0,1.0, ,,,,,
828,YJL196C,1.0, ,1.0,1.0,1.0, ,,,,,
829,YGR175C,0.0, ,0.0,0.0,0.0, ,-,-,-,-,-
830,YIL145C,1.0, ,1.0,1.0,1.0, ,,,,,
831,YEL041W,1.0, ,1.0,1.0,1.0, ,,,,,
832,YLR058C,1.0, ,1.0,1.0,1.0, ,,,,,
833,YGR240C,0.0, ,0.0,1.0,1.0, ,,,,,
834,YBR058C-A,1.0, ,1.0,1.0,1.0, ,-,-,-,-,-
835,YJR137C,1.0, ,1.0,1.0,1.0, ,,,,,
836,YNR012W,1.0, ,1.0,1.0,1.0, ,,,,,
837,YGR292W,1.0, ,1.0,1.0,1.0, ,,,,,
838,YMR020W,1.0, ,1.0,1.0,1.0, ,,,,,
839,YDR058C,1.0, ,1.0,1.0,1.0, ,,,,,
840,YPL110C,1.0, ,1.0,1.0,1.0, ,,,,,
841,YDR377W,1.0, ,1.0,0.0,0.0, ,,,,,0
842,YIL010W,1.0, ,1.0,1.0,1.0, ,,,,,
843,YLR153C,0.0, ,0.0,0.0,0.0, ,-,-,-,-,-
844,YHR091C,1.0, ,1.0,1.0,1.0, ,,,0,0,0
845,YIL053W,1.0, ,1.0,1.0,1.0, ,,,,,
846,YPL059W,1.0, ,1.0,1.0,1.0, ,,,0,0,0
847,YNL106C,1.0, ,1.0,1.0,1.0, ,,,,,
848,YPL231W,0.0, ,0.0,0.0,0.0, ,-,-,-,-,-
849,YIL066C,1.0, ,1.0,1.0,1.0, ,,,,,
850,YOR317W,1.0, ,1.0,1.0,1.0, ,,,,,
851,YHR183W,1.0, ,1.0,1.0,1.0, ,,,,,
852,YGL253W,1.0, ,1.0,1.0,1.0, ,,,,,
853,YLR299W,1.0, ,1.0,1.0,1.0, ,,,,,
854,YDR345C,1.0, ,1.0,1.0,1.0, ,,,,,
855,YHL032C,1.0, ,1.0,1.0,1.0, ,,,,,
856,YBR299W,1.0, ,1.0,1.0,1.0, ,,,,,
857,YIL002C,1.0, ,1.0,1.0,1.0, ,,,,,
858,YOR108W,1.0, ,1.0,1.0,1.0, ,,,,,
859,YNR041C,1.0, ,1.0,1.0,1.0, ,,,0,0,0
860,YJL068C,1.0, ,1.0,1.0,1.0, ,,,,,
861,YMR306W,1.0, ,1.0,1.0,1.0, ,,,,,
862,YOL030W,1.0, ,1.0,1.0,1.0, ,,,,,
863,YDR148C,1.0, ,1.0,1.0,1.0, ,,,,,
864,YHR046C,0.0, ,0.0,0.0,0.0, ,,,,,
865,YDR400W,1.0, ,1.0,1.0,1.0, ,,,,,
866,YOL132W,1.0, ,1.0,1.0,1.0, ,,,,,
867,YHR096C,1.0, ,1.0,1.0,1.0, ,,,,,
868,YHR216W,1.0, ,1.0,1.0,1.0, ,-,-,-,-,-
869,YER175C,1.0, ,1.0,1.0,1.0, ,,,,,
870,YOR278W,1.0, ,1.0,1.0,1.0, ,-,-,-,-,-
871,YOL052C,1.0, ,1.0,1.0,1.0, ,,,,,
872,YKR031C,1.0, ,1.0,1.0,1.0, ,,,,,
873,YDR305C,1.0, ,1.0,1.0,1.0, ,,,,,
874,YHR051W,1.0, ,1.0,0.0,0.0, ,,,0,0,0
875,YHL003C,1.0, ,1.0,1.0,1.0, ,0,0,,,0
876,YJL155C,1.0, ,1.0,1.0,1.0, ,,,,,
877,YDR342C,1.0, ,1.0,1.0,1.0, ,-,-,-,-,-
878,YLR284C,1.0, ,1.0,1.0,1.0, ,,,,,
879,YLL052C,1.0, ,1.0,1.0,1.0, ,,,,,
880,YOR125C,1.0, ,1.0,1.0,1.0, ,,,0,0,0
881,YPR167C,1.0, ,1.0,1.0,1.0, ,,,,,
882,YJL045W,1.0, ,1.0,1.0,1.0, ,,,,,
883,YER056C,1.0, ,1.0,1.0,1.0, ,,,,,
884,YGL234W,-0.0, ,0.0,0.0,-0.0, ,0,0,0,0,0
885,YOR347C,1.0, ,1.0,1.0,1.0, ,,,,,
886,YLR328W,1.0, ,1.0,1.0,1.0, ,,,,,
887,YLR304C,1.0, ,1.0,1.0,1.0, ,0,0,0,0,0
888,YFR053C,1.0, ,1.0,1.0,1.0, ,,,,,
889,YOR065W,1.0, ,1.0,0.0,0.0, ,,,0,0,0
890,YDR001C,1.0, ,1.0,1.0,1.0, ,,,,,
891,YIL162W,1.0, ,1.0,1.0,1.0, ,,,,,
892,YDR294C,1.0, ,1.0,1.0,1.0, ,,,,,
893,YGL187C,1.0, ,1.0,0.0,0.0, ,-,-,-,-,-
894,YIR032C,1.0, ,1.0,1.0,1.0, ,,,,,
895,YBR001C,1.0, ,1.0,1.0,1.0, ,,,,,
896,YER019W,1.0, ,1.0,1.0,1.0, ,,,,,
897,YDR529C,1.0, ,1.0,0.0,0.0, ,,,0,0,0
898,YER060W-A,1.0, ,1.0,1.0,1.0, , , , , , 
899,YHR039C-A,1.0, ,1.0,1.0,1.0, ,-,-,-,-,-
900,YOL077W-A,1.0, ,1.0,1.0,1.0, ,-,-,-,-,-
901,YJR066W,1.0, ,1.0,1.0,1.0, ,,,,,
902,YAL022C,1.0, ,1.0,1.0,1.0, ,,,,,
903,YPR160W,1.0, ,1.0,1.0,1.0, ,,,,,
904,YLR100W,0.0, ,0.0,0.0,0.0, ,-,-,-,-,-
905,YIR028W,1.0, ,1.0,1.0,1.0, ,,,,,
